month,store,aggregator_commission,cam,cogs_food_pluspackaging,gross_sales,marketing_&_advertisement,net_sales,other_opex_expenses,rent,utility_cost,store_labor_cost,total_outlet_expenses,outlet_ebitda
April 2024,ADM,12.2696,1.1417,24.8927,66.8072,0.67,66.2878,2.3323,4.5679,1.3745,6.9129,54.16160000000001,12.126199999999997
April 2024,AKA,3.3515,0.59,7.2515,19.1988,1.2327,18.9969,0.8386,1.593,1.058,3.1993,19.114600000000003,-0.1177000000000028
April 2024,ANN,4.9308,0.8615,12.5664,34.6115,1.6197,34.0351,1.7909,3.7569,1.3171,3.9428,30.786099999999998,3.2490000000000023
April 2024,ARK,7.9876,0.0,17.1965,49.7136,0.318,49.054,1.6262,1.475,1.7764,3.8905,34.2702,14.7838
April 2024,AUR,,0.0,0.0,,0.0,,0.0,0.0,0.0,0.0,0.0,
April 2024,AVK,3.864,0.7591,9.827,24.6875,1.8728,24.349,1.0333,2.4874,0.841,4.1116,24.796200000000002,-0.44720000000000226
April 2024,BAG,0.9852,0.3098,6.7777,18.9167,0.0295,18.2231,0.9109,2.1504,0.6722,2.9218,14.7575,3.4655999999999985
April 2024,BTG,3.1661,0.2602,6.7788,20.8137,0.1755,20.4911,1.0619,1.8177,0.0,3.1095,16.3697,4.121399999999998
April 2024,BVG,4.2422,0.118,11.7386,32.1548,0.3491,31.5273,1.5397,1.405,1.3398,3.4521,24.1845,7.3428
April 2024,CAR,1.1127,0.693,6.5572,16.4188,1.0383,15.8745,0.719,1.7769,0.85,2.3032,15.0503,0.8241999999999994
April 2024,CLA,6.3671,0.0,11.151,29.4783,1.5773,29.4529,1.4846,0.3469,1.1629,3.577,25.6668,3.786100000000001
April 2024,CPM,0.9346,0.7499,8.1691,23.5992,0.053,22.6735,1.3716,3.4785,0.9944,3.3822,19.1333,3.5402000000000022
April 2024,CVR,0.0,0.295,3.3297,9.8245,0.0512,9.3567,0.9691,1.1709,0.8753,2.5722,9.263399999999999,0.09330000000000105
April 2024,CYG,3.2214,0.8937,7.6319,24.6412,0.2791,24.1686,1.2619,2.7767,0.6978,2.5803,19.342799999999997,4.8258000000000045
April 2024,DCB,0.0,0.0,2.6854,7.3861,0.0248,7.3861,1.1594,0.0,0.0,1.8744,5.744,1.6421000000000001
April 2024,DCH,0.0,0.0,10.5239,25.9707,0.0977,25.9707,3.1046,0.0,0.0,2.9838,16.71,9.2607
April 2024,DIV,2.5301,0.177,7.8108,21.892,0.0295,21.3768,1.0867,2.5226,1.4747,3.0237,18.6551,2.7216999999999985
April 2024,DLF,,0.0,0.0,,0.0,,0.0,0.0,0.0,0.0,0.0,
April 2024,DLP,1.4465,0.5855,8.8966,24.212,0.0162,23.3628,1.0277,2.9364,0.6364,3.44,18.9853,4.377500000000001
April 2024,DTK,5.4734,0.2322,12.9312,37.8034,0.6782,37.1414,1.2737,3.4114,1.556,3.8172,29.3733,7.768099999999997
April 2024,DWR,5.7188,0.0,10.4603,26.2463,1.9392,26.2451,1.4584,0.35,0.8557,2.8277,23.6101,2.6350000000000016
April 2024,ECN,3.0646,0.4336,8.0653,25.3513,0.0295,24.827,1.1685,2.6233,1.1868,2.6169,19.1885,5.6385000000000005
April 2024,ECO-old,,0.0,0.0,,0.0,,0.0,0.0,0.0,0.0,0.0,
April 2024,ECT,5.5106,0.0,14.4372,36.8296,1.1977,36.2615,1.5232,1.6,1.632,4.7974,30.6981,5.563399999999998
April 2024,ECW-old,4.6317,0.2036,9.807,28.5587,0.3823,28.4427,1.1635,0.4071,1.0805,3.0818,20.7575,7.685199999999998
April 2024,EGL,0.0,0.0,5.4151,14.4392,0.2147,13.8262,1.2881,1.736,0.83,2.6239,12.107800000000001,1.718399999999999
April 2024,EKL,8.2479,0.0,18.3909,46.4541,2.3655,46.0075,1.8322,3.54,1.7074,5.6173,41.7012,4.3063
April 2024,EST,5.5898,0.3788,11.1458,32.4122,0.4274,32.0501,1.0816,1.642,1.624,3.4387,25.3281,6.722000000000001
April 2024,ETF,0.0,0.0,7.4293,19.5917,0.025,18.6587,1.149,2.6422,0.7298,2.7237,14.698999999999998,3.9597000000000016
April 2024,ETV,,0.0,0.0,,0.0,,0.0,0.0,0.0,0.0,0.0,
April 2024,EXA,3.2377,0.63,10.4205,30.6689,0.4628,29.9012,1.1177,3.8824,0.9058,2.5886,23.2455,6.6556999999999995
April 2024,FDN,11.0008,0.2804,22.6756,68.4773,0.6082,67.5467,2.2218,2.8545,2.5019,4.3669,46.510099999999994,21.036600000000007
April 2024,FLM,4.6877,0.0949,10.2843,29.8571,0.9619,29.4219,1.3244,1.9,1.2289,2.5199,23.002,6.419900000000002
April 2024,FSM,,0.5711,6.6461,16.943,2.112,16.1362,0.7569,2.95,0.3882,3.0915,16.515800000000002,-0.3796000000000035
April 2024,GCN,4.9425,0.6938,12.7426,29.6665,1.444,29.3534,1.4766,2.2457,1.1541,3.6648,28.3641,0.9893000000000001
April 2024,GEB,4.9761,0.563,10.9137,28.416,1.8647,28.1537,1.4995,0.9303,1.807,3.8389,26.3932,1.7605000000000004
April 2024,GSC,0.0,0.0,4.8743,13.7889,0.025,13.132,2.15,0.0,0.0,2.8839,9.9332,3.1988000000000003
April 2024,GSM,4.0177,0.2654,8.5071,24.4108,0.8719,24.0992,0.8175,1.5643,0.8409,2.7549,19.6397,4.4594999999999985
April 2024,HAA,0.0,0.0,0.0,0.0,0.0,0.0,0.0,0.0,0.0,0.0,0.0,0.0
April 2024,HIM,2.4586,0.0,8.2036,22.0003,1.7414,21.4688,1.0881,1.475,1.5769,3.6457,20.1893,1.2795000000000023
April 2024,HSR,11.9381,0.0,24.7542,72.7085,0.4299,71.8032,2.0384,2.0661,2.3656,6.076,49.6683,22.134900000000002
April 2024,IBC,1.1987,0.0,4.0544,11.1775,0.0893,10.9033,0.8991,0.7611,0.87,2.37,10.2426,0.6607000000000003
April 2024,IHY,2.8008,0.4248,12.5755,36.2951,1.2487,35.155,1.2212,5.4928,1.1234,3.9,28.7872,6.367800000000003
April 2024,INB,0.0,0.0,0.0,,,,0.0,0.0,0.0,0.0,0.0,
April 2024,IND,10.9845,0.0,22.474,62.9006,0.7137,62.2268,1.9103,2.4811,2.1073,5.3702,46.0411,16.185699999999997
April 2024,ITPL,9.4976,0.0,25.2468,66.8198,1.1911,65.6578,1.9697,6.1504,1.7105,6.3389,52.105,13.552799999999998
April 2024,JAP,4.9829,0.0,9.3776,22.6669,1.997,22.6646,1.4387,0.3791,1.1853,2.6996,22.060200000000002,0.6043999999999983
April 2024,JIG,7.9342,0.0865,17.4328,42.8721,1.4798,42.5805,1.455,1.45,1.8076,3.9772,35.6231,6.9574
April 2024,JPC,,0.0,0.0,,0.0,,0.0,0.0,0.0,0.0,0.0,
April 2024,JPN,7.2381,0.0,18.422,47.7408,0.9037,47.0237,1.8685,4.8125,1.9562,5.1328,40.3338,6.6899000000000015
April 2024,KBB,4.5165,0.531,9.3329,21.7992,2.772,21.7352,1.2703,0.196,1.3342,2.8776,22.8305,-1.0953000000000017
April 2024,KCK,9.6236,0.0,14.6125,42.5764,0.8542,42.5752,1.6394,0.3828,1.6027,3.8194,32.5346,10.040600000000005
April 2024,KNP,3.0924,,8.0634,21.4534,1.8253,21.088,1.5595,1.4,1.022,2.7764,19.739,1.3490000000000002
April 2024,KOR,5.9667,0.0,15.4274,42.951,0.987,42.1576,1.8663,2.36,1.7813,4.2023,32.591,9.566600000000001
April 2024,KTP,3.9118,0.531,12.4122,33.9388,1.3641,33.1568,1.2124,2.7387,1.9556,4.1915,28.317300000000003,4.839499999999994
April 2024,LTP,3.258,0.4507,8.3725,23.8934,1.7225,23.4364,1.0313,2.0299,1.2879,3.9045,22.0573,1.3790999999999976
April 2024,MAN,2.0585,0.0,8.3867,23.2786,0.5306,22.6084,0.9841,2.6678,0.9976,3.0777,18.703,3.9054
April 2024,MTP,0.0,0.0,3.6145,8.5981,0.0515,8.1887,0.8487,1.1596,0.7933,2.1117,8.5793,-0.39059999999999917
April 2024,NSS,6.9827,0.0,12.1764,31.499,1.5261,31.4986,1.5303,0.47,1.1262,2.9823,26.794,4.704599999999999
April 2024,ORE,,0.0,0.0,,0.0,,0.0,0.0,0.0,0.0,0.0,
April 2024,ORW,1.7227,1.0762,10.9817,30.0939,3.974,29.0365,1.0918,4.5428,0.9751,3.2578,27.6221,1.4144000000000005
April 2024,PBF,2.7264,0.59,7.3534,18.0435,3.1529,17.7788,1.046,1.843,0.5596,3.0886,20.3599,-2.5810999999999993
April 2024,PPM,2.6908,0.4553,6.7323,19.6544,0.8879,19.2831,0.784,1.6634,0.7466,3.214,17.174300000000002,2.1087999999999987
April 2024,PRI,0.0,0.0,0.0,,0.0,,0.0,0.0,0.0,0.0,0.0,
April 2024,PTP,,0.0,0.0,,0.0,,0.0,0.0,0.0,0.0,0.0,
April 2024,RGA,4.2846,0.2643,8.1299,24.5728,0.0948,24.3162,1.1067,1.8585,0.8983,2.562,19.199099999999998,5.117100000000001
April 2024,RMZ,1.0291,0.1888,6.3465,16.9561,0.0416,16.3679,0.9041,2.0762,0.5107,2.524,13.620999999999999,2.7469
April 2024,ROH,4.6087,0.0,8.4292,20.8115,2.0219,20.8115,1.2955,0.45,1.1441,3.2806,21.229999999999997,-0.4184999999999981
April 2024,RRR,3.2292,0.4413,9.2407,24.2203,0.5944,23.7604,1.1919,2.0645,1.0503,3.458,21.270300000000002,2.490099999999998
April 2024,SCH,0.0805,0.5204,9.092,24.1166,0.1015,22.9915,1.0577,2.713,1.1861,3.482,18.233200000000004,4.758299999999995
April 2024,SCK,9.5399,0.0,17.0764,43.6756,1.4874,43.6718,1.289,0.441,1.3101,2.9552,34.099000000000004,9.572799999999994
April 2024,SEC,,0.0,0.0,,0.0,,0.0,0.0,0.0,0.0,0.0,
April 2024,SES,5.624,0.0,10.4525,26.0007,1.8077,25.9989,1.2357,0.3623,0.9192,3.4413,23.8427,2.1561999999999983
April 2024,SFC,9.941,0.0578,16.7771,45.1095,1.257,45.1043,1.5909,0.4969,0.6444,3.5238,34.288900000000005,10.815399999999997
April 2024,SHV,4.3953,0.1475,10.499,28.1804,1.1494,27.7644,1.1198,1.416,1.142,3.1358,23.004799999999996,4.7596000000000025
April 2024,SIG,,0.0,0.0,,0.0,,0.0,0.0,0.0,0.0,0.0,
April 2024,SJP,0.0,0.0,0.0,,0.0,,0.0,0.0,0.0,0.0,0.0,
April 2024,SKO,6.2772,1.03,15.0193,40.8446,1.8756,40.2598,2.0068,3.3444,1.6332,4.0191,35.2056,5.054200000000002
April 2024,SMR,7.7345,0.4104,16.1538,44.3146,1.9606,43.84,1.3259,1.55,1.3616,4.2644,34.7612,9.078800000000001
April 2024,SYH,7.9227,0.0,16.7737,43.8442,1.2536,43.4311,1.8533,2.065,1.9716,4.6361,36.476,6.955100000000002
April 2024,Tecno,0.0,0.0,0.0,,0.0,,0.0,,0.0,0.0,0.0,
April 2024,VBP,7.6525,0.4673,18.4415,49.0741,1.2252,48.3955,1.5926,2.6727,1.0498,4.0021,37.1037,11.291799999999995
April 2024,VEL,3.3238,,9.904,27.3903,1.3417,26.7877,1.3731,2.006,1.2065,3.9414,23.0965,3.691200000000002
April 2024,VIR,5.0193,0.295,9.5255,28.2773,0.4857,27.7221,1.3152,1.8906,1.2933,3.2083,23.032899999999998,4.689200000000003
April 2024,VRA,2.1996,1.0915,8.449,20.519,1.0801,20.0079,1.3991,2.9205,1.4641,2.8554,21.4593,-1.4513999999999996
August 2024,ADM,17.257,1.2213,36.5779,91.1359,0.4227,90.4872,2.253,5.0277,1.7233,6.2183,70.7012,19.786
August 2024,AKA,3.6036,0.59,8.1062,21.8925,1.3692,21.6197,1.0373,1.593,0.9882,3.5735,20.861,0.758700000000001
August 2024,ANN,5.7899,0.8615,16.0555,41.4979,0.6105,40.7803,1.9266,4.5268,1.5426,4.6395,35.9529,4.827399999999997
August 2024,ARK,10.6648,0.0,22.8652,70.0011,0.9981,69.2554,2.1557,1.5139,1.9083,5.1888,45.2948,23.960599999999992
August 2024,ATL,3.2369,0.5139,10.2542,28.6586,2.2058,27.9848,1.2259,2.605,0.8,3.6465,24.488200000000003,3.4965999999999973
August 2024,ATT,1.8572,0.0944,6.0092,16.0714,1.3155,15.7111,0.8983,1.888,1.2525,3.211,16.5261,-0.8149999999999995
August 2024,AUR,,0.0,0.0,,0.0,0.0,0.0,0.0,0.0,0.0,0.0,0.0
August 2024,AVK,3.129,0.7722,8.7275,21.846,0.7863,21.481,1.2437,2.4874,0.9901,3.3822,21.5184,-0.0373999999999981
August 2024,BAG,0.973,0.413,5.61,14.4886,0.2507,14.0041,0.9852,1.6525,0.6141,3.5449,14.043400000000002,-0.039300000000002555
August 2024,BNJ,2.9931,0.14,8.201,21.2718,2.4351,20.86,1.2445,4.13,1.465,3.0925,23.7012,-2.8412000000000006
August 2024,BTG,5.6331,0.2602,11.5871,35.0757,0.0516,34.6419,1.445,2.8633,0.383,3.5949,25.8182,8.823699999999999
August 2024,BVG,5.2779,0.118,13.1273,38.9853,0.3799,38.3955,1.6076,1.405,1.1649,4.8568,27.937399999999997,10.458100000000002
August 2024,CAR,0.9964,0.693,6.6764,18.1982,1.3779,17.5437,0.8184,2.0634,0.95,2.9645,16.54,1.003700000000002
August 2024,CLA,6.5185,0.0,13.1684,33.686,0.575,33.6599,1.6216,0.3643,1.2686,3.7787,27.295099999999998,6.3648000000000025
August 2024,CPM,0.6409,0.7499,9.5785,27.2729,1.2769,26.1066,1.1059,4.0053,0.9906,4.4892,22.837200000000003,3.2693999999999974
August 2024,CVR,0.0,0.295,3.7254,11.0248,0.0569,10.4998,0.6964,1.239,0.8287,2.1635,9.0049,1.4949000000000012
August 2024,CYG,2.9189,0.9388,8.1837,24.0132,0.043,23.519,1.0544,2.7591,0.8855,3.4426,20.226,3.2929999999999993
August 2024,DCB,0.0,0.0,5.7547,14.1321,0.0177,14.1321,1.3941,0.0,0.0,3.5557,10.722199999999999,3.4099000000000004
August 2024,DCH,0.0,0.0,11.4861,26.2382,0.0177,26.1934,3.1534,0.0,0.0,3.5231,18.1803,8.013100000000001
August 2024,DIV,2.273,0.2124,6.3112,18.4775,0.2619,18.0753,1.0357,2.133,1.3546,3.9188,17.500600000000002,0.5746999999999964
August 2024,DLF,,0.0,0.0,,0.0,,0.0,0.0,0.0,0.0,0.0,
August 2024,DLP,1.4028,0.7514,8.8378,25.4232,0.033,24.5093,1.3586,3.1028,0.7103,4.3803,20.576999999999998,3.9323000000000015
August 2024,DSL,1.5458,0.413,5.6332,14.8425,1.3846,14.4664,0.7996,1.4861,0.7886,2.7744,14.825300000000002,-0.358900000000002
August 2024,DTK,6.6006,0.2322,15.7265,46.0215,0.2844,45.2327,1.8377,4.1335,1.6871,4.012,34.513999999999996,10.718700000000005
August 2024,DWR,7.4605,0.0,13.9903,34.1847,1.2963,34.1791,1.3714,0.3675,1.2796,3.2567,29.0223,5.156799999999997
August 2024,ECN,2.839,0.4553,8.3296,24.9961,0.0341,24.462,1.3071,2.6143,1.1131,3.6201,20.3126,4.1494
August 2024,ECO-old,,0.0,0.0,,0.0,,0.0,0.0,0.0,0.0,0.0,
August 2024,ECT,6.0887,0.0,14.918,42.2272,0.7,41.6484,1.9793,1.6,1.7426,4.2711,31.2997,10.348700000000001
August 2024,ECW-old,1.5947,0.2036,5.9551,16.5265,0.1774,16.0997,0.9819,1.52,1.0541,3.7593,15.246099999999998,0.8536000000000001
August 2024,EGL,0.0,0.0,5.6789,15.3629,0.1336,14.7196,1.3652,2.36,0.7386,2.8858,13.162099999999999,1.557500000000001
August 2024,EKL,10.5974,0.0,26.3698,63.4316,2.2553,62.6762,2.3074,3.54,3.62,5.6068,54.2967,8.3795
August 2024,EST,6.5679,0.3788,12.8672,38.5005,0.5513,38.1539,1.0772,1.701,1.3668,4.2869,28.797099999999997,9.356800000000003
August 2024,ETF,0.0,0.0,8.4143,22.2067,0.0943,21.1493,0.9568,4.6246,0.6793,3.2501,18.019399999999997,3.129900000000003
August 2024,ETV,,0.0,0.0,,0.0,,0.0,0.0,0.0,0.0,0.0,
August 2024,EXA,4.1846,0.63,12.9801,37.0851,1.2456,36.2116,1.1057,4.627,0.8272,4.2425,29.8427,6.3688999999999965
August 2024,FDN,10.2194,0.2804,23.1998,68.2727,0.2861,67.2101,2.6257,3.2589,2.5098,5.2278,47.6079,19.602199999999996
August 2024,FLM,4.3513,0.0949,10.0532,26.8905,0.5218,26.5242,1.3638,1.9,1.2452,3.6936,23.2238,3.3004
August 2024,FSM,0.0,0.5711,8.3214,21.8988,3.3373,20.856,0.8021,3.6915,0.3968,2.5816,19.701800000000002,1.1541999999999994
August 2024,GCN,5.4471,0.7285,14.6105,31.8526,0.9771,31.5087,1.5428,2.4161,1.6479,2.9753,30.345299999999998,1.1634000000000029
August 2024,GEB,5.3258,0.563,12.3619,30.8101,0.9743,30.5048,1.6238,1.0784,2.1759,3.8807,27.983800000000002,2.5209999999999972
August 2024,GSC,0.0,0.0,6.0159,15.8592,0.0177,15.104,2.7288,0.0,0.0,3.0646,11.827000000000002,3.2769999999999975
August 2024,GSM,3.3044,0.2654,8.2719,22.104,0.4409,21.7546,0.8292,1.249,0.8279,2.9509,18.1396,3.6149999999999984
August 2024,HIM,2.6512,0.0,8.1712,23.0486,0.5981,22.5175,1.3821,1.475,1.2201,3.6502,19.1479,3.3695999999999984
August 2024,HSR,13.0274,0.0,30.2649,88.6098,0.4828,87.4923,2.7732,2.0661,2.2399,6.7916,57.6459,29.846400000000003
August 2024,IBC,1.527,0.0,5.6999,15.8325,0.3926,15.4839,0.7876,0.7611,0.8753,2.7289,12.772400000000001,2.711499999999999
August 2024,IHY,2.9172,0.4248,14.3406,41.0117,0.843,39.6757,1.4267,6.2591,1.0843,4.3019,31.597599999999996,8.078100000000003
August 2024,INB,0.0,0.0,0.0,,,,0.0,0.0,0.0,0.0,0.0,
August 2024,IND,14.3862,0.0,32.4052,88.3918,2.1921,87.5453,2.938,2.4811,2.9462,8.0604,65.4092,22.1361
August 2024,ITPL,8.4983,0.0,24.0368,62.6415,1.7434,61.4026,1.8946,6.0476,1.6411,6.588,50.449799999999996,10.952800000000003
August 2024,JAP,6.9202,0.0,13.0855,31.2461,1.2107,31.2427,1.4353,0.371,1.4427,3.603,28.068400000000004,3.1742999999999952
August 2024,JAY,0.0043,,3.86,4.8758,1.0395,4.6443,1.6762,0.8387,0.325,0.2484,7.992100000000001,-3.3478000000000003
August 2024,JIG,8.3636,0.0865,18.7818,46.6264,1.673,46.2338,1.7633,1.45,2.2253,5.4042,39.747699999999995,6.4861000000000075
August 2024,JPC,,0.0,0.0,,0.0,0.0,0.0,0.0,0.0,0.0,0.0,0.0
August 2024,JPN,8.8808,0.0,22.114,59.9329,2.2127,59.2329,2.2015,5.8006,2.0601,5.8706,49.1403,10.092599999999997
August 2024,KAM,1.7002,0.059,7.8352,20.0601,4.4108,19.4777,2.4466,4.071,1.1611,3.9069,25.5908,-6.113100000000003
August 2024,KBB,6.6693,0.531,14.2068,31.8881,3.3454,31.787,1.6311,0.4041,1.0951,3.0521,30.9349,0.8521000000000001
August 2024,KCK,10.9221,0.0,18.0007,50.3501,0.8086,50.33,1.7403,0.3828,1.6601,3.7732,37.2878,13.042200000000001
August 2024,KNP,4.5195,,10.295,28.8857,2.2205,28.4859,1.5086,1.652,1.2769,4.2741,25.746599999999997,2.7393000000000036
August 2024,KOR,7.0797,0.0,16.483,47.4404,0.4395,46.7074,2.2323,2.36,2.3055,4.7759,35.6759,11.031500000000001
August 2024,KTP,5.2119,0.531,16.6811,47.2661,0.7817,46.1341,1.4729,4.0826,2.7149,5.888,37.3641,8.769999999999996
August 2024,LTP,2.6791,0.4507,7.8145,21.6706,0.5072,21.2061,1.2467,1.9089,1.3585,2.8082,18.7738,2.432299999999998
August 2024,MAN,2.8904,0.0,10.1307,29.567,1.9371,28.853,0.8977,3.4044,0.8987,3.8925,24.0515,4.801500000000001
August 2024,MOM,1.1443,0.4109,2.9727,7.4369,0.62,7.3334,0.9202,0.9226,0.6341,3.0814,10.7062,-3.3728000000000007
August 2024,MTP,0.0,0.0,4.2542,10.4856,0.2106,9.9864,0.8005,1.8855,0.8157,2.1838,10.150300000000001,-0.1639000000000017
August 2024,NSS,8.6526,0.0,16.4868,39.1974,0.7428,39.1971,2.3783,0.47,1.3536,2.6502,32.7343,6.462800000000001
August 2024,ORE,,0.0,0.0,,0.0,0.0,0.0,0.0,0.0,0.0,0.0,0.0
August 2024,ORW,1.9546,1.0762,11.7522,33.8442,3.9848,32.6919,1.0217,5.2024,1.03,3.6796,29.701500000000003,2.990399999999994
August 2024,PBF,2.3465,0.59,7.75,18.8661,3.9005,18.4774,1.1269,2.0762,0.5971,3.3142,21.7014,-3.224
August 2024,PPM,3.0843,0.4553,8.1081,22.4473,0.3331,22.0363,1.1438,1.8816,0.7164,3.1995,18.9221,3.1142000000000003
August 2024,PRI,0.0,0.0,0.0,,0.0,0.0,0.0,0.0,0.0,0.0,0.0,0.0
August 2024,PRM,0.0,1.3017,5.178,13.8784,0.3607,13.2175,0.9856,2.4314,0.8543,3.5766,14.6883,-1.4708000000000006
August 2024,PTP,2.3543,0.177,6.8271,15.6892,1.7856,15.4292,1.3541,0.9516,0.58,3.0593,17.089,-1.6597999999999988
August 2024,RGA,2.9187,0.2643,7.0818,20.8626,0.0659,20.6255,1.1399,1.6086,0.8999,3.0491,17.0282,3.5973000000000006
August 2024,RMZ,1.1228,0.1888,6.8379,18.9529,0.1069,18.3501,0.9434,2.2206,0.6052,3.1677,15.193300000000002,3.1567999999999987
August 2024,ROH,6.3438,0.0,11.6631,28.7926,1.1093,28.7926,1.3621,0.45,1.2572,3.3103,25.4958,3.296800000000001
August 2024,RRR,3.9085,0.4413,10.3967,29.9348,0.3958,29.4867,1.1684,2.0645,1.1114,3.9019,23.3885,6.0981999999999985
August 2024,SCH,0.0,0.5464,10.0108,27.1039,0.2514,25.8135,1.1424,3.046,1.0853,3.0258,19.1081,6.705400000000001
August 2024,SCK,11.8527,0.0,23.3113,55.5047,0.4086,55.5038,1.7891,0.441,1.6084,3.5736,42.9847,12.519100000000002
August 2024,SEC,,0.0,0.0,,0.0,0.0,0.0,0.0,0.0,0.0,0.0,0.0
August 2024,SES,6.4287,0.0,11.5454,29.424,0.6335,29.4221,1.3699,0.3307,1.1553,3.5944,25.057900000000004,4.364199999999997
August 2024,SFC,9.9774,0.0578,17.8761,44.6465,0.521,44.6388,3.1309,0.4969,1.14,2.9457,36.1458,8.493000000000002
August 2024,SHV,4.8413,0.1475,10.9545,31.6019,0.8012,31.1694,1.2798,1.5859,1.0583,4.0099,24.6784,6.491
August 2024,SIG,,0.0,0.0,,0.0,,0.0,0.0,0.0,0.0,0.0,
August 2024,SJP,6.5411,0.0,14.0775,38.306,2.8498,37.9446,1.7877,2.54,1.365,5.9748,35.13590000000001,2.8086999999999946
August 2024,SKO,7.2772,1.03,19.4114,47.9676,0.3133,47.2697,2.5727,3.9434,2.032,4.1028,40.6828,6.5869
August 2024,SMR,10.9799,0.209,22.0746,64.4848,0.7235,63.7442,1.9469,1.6388,1.8157,5.9839,45.3723,18.371899999999997
August 2024,STN,0.6361,0.59,8.3057,23.8671,3.7552,22.8678,1.147,3.1031,1.0038,3.6788,22.2197,0.6480999999999995
August 2024,SYH,8.9495,0.0,20.5478,54.797,1.1477,54.2969,1.5952,2.065,2.1493,5.637,42.091499999999996,12.205400000000004
August 2024,Tecno,0.0,0.0,0.0,,0.0,,0.0,,0.0,0.0,0.0,
August 2024,VBP,9.0863,0.4673,21.9065,54.4963,0.512,53.8394,1.6843,2.6727,1.1475,4.0899,41.566500000000005,12.272899999999993
August 2024,VEL,4.9085,,13.2753,37.3483,0.2824,36.6152,1.56,1.7,1.5928,4.3077,27.6267,8.988500000000002
August 2024,VIR,5.2525,0.295,10.0841,29.9697,0.1781,29.66,1.1898,2.1154,1.1378,4.0149,24.2676,5.3923999999999985
August 2024,VRA,2.8925,1.0915,10.5114,28.484,1.369,27.7467,1.0265,3.5841,1.6598,4.4033,26.5381,1.2086000000000006
July 2024,ADM,15.5895,1.2213,34.4995,82.2656,0.8122,81.7025,2.4161,5.063,1.5148,6.3023,67.4187,14.2838
July 2024,AKA,3.6456,0.59,7.4698,22.1791,0.9534,21.9064,0.9513,1.593,0.9996,4.4808,20.683500000000002,1.2228999999999992
July 2024,ANN,5.5997,0.8615,16.3243,40.5078,0.6017,39.7899,2.2077,4.4341,1.5076,4.4189,35.9555,3.8344000000000023
July 2024,ARK,9.371,0.0,21.4076,61.4059,0.3169,60.6725,2.2611,1.5528,1.5943,4.309,40.8127,19.8598
July 2024,ATL,3.0464,0.531,10.7652,28.7183,0.5076,27.9947,0.9846,2.6761,0.8,3.5255,22.8364,5.1583000000000006
July 2024,ATT,1.5765,0.0944,5.455,14.2031,1.4024,13.8705,1.2844,1.888,1.2928,2.9246,15.918099999999999,-2.047599999999999
July 2024,AUR,,0.0,0.0,,0.0,0.0,0.0,0.0,0.0,0.0,0.0,0.0
July 2024,AVK,3.3778,0.7722,9.7839,23.1839,0.9,22.811,1.3575,2.36,1.0006,4.1094,23.6614,-0.8504000000000005
July 2024,BAG,0.8334,0.3098,5.3545,14.511,0.0547,13.997,1.0023,1.6517,0.5627,3.1007,12.869799999999998,1.127200000000002
July 2024,BNJ,1.3635,0.0,5.657,11.6005,1.8232,11.3376,1.3616,4.13,0.5852,2.5153,17.4358,-6.0982
July 2024,BTG,5.4524,0.2602,11.4818,35.1999,0.0364,34.6942,1.3222,3.0017,0.4,3.4964,25.4511,9.243100000000002
July 2024,BVG,4.9139,0.118,14.1764,37.2124,0.39,36.6142,1.7357,1.405,1.1838,4.7403,28.6631,7.951099999999997
July 2024,CAR,0.9536,0.693,6.2929,16.6608,0.3901,16.0699,0.665,1.8741,0.95,2.7656,14.584299999999999,1.4856000000000016
July 2024,CLA,6.174,0.0,13.1011,31.1327,0.6986,31.109,1.825,0.3643,1.2876,3.9173,27.367900000000002,3.7410999999999994
July 2024,CPM,0.6605,0.7499,10.0394,27.5771,0.1616,26.4055,0.9812,4.0513,0.9872,4.1182,21.7493,4.656199999999998
July 2024,CVR,0.0,0.295,4.3725,12.3634,0.0181,11.7746,0.9519,1.3897,0.8141,2.0459,9.8872,1.8873999999999995
July 2024,CYG,3.1321,0.8937,8.9824,25.7403,0.1326,25.2122,1.4311,2.955,0.7646,3.4006,21.6921,3.5200999999999993
July 2024,DCB,0.0,0.0,6.353,14.5988,0.0323,14.5988,1.8085,0.0,0.01,3.1133,11.3171,3.2817000000000007
July 2024,DCH,0.0,0.0,13.1901,30.0278,0.0181,29.9856,3.9828,0.0,0.0,2.8037,19.9947,9.9909
July 2024,DIV,2.5356,0.177,7.2786,21.1953,0.3392,20.7197,1.4068,2.4331,1.3758,4.5572,20.103299999999997,0.6164000000000023
July 2024,DLF,,0.0,0.0,,0.0,,0.0,0.0,0.0,0.0,0.0,
July 2024,DLP,1.5374,0.7514,10.4872,27.5965,0.0359,26.6159,0.9841,3.3555,0.64,3.9746,21.7661,4.849799999999998
July 2024,DSL,1.5696,0.413,5.7035,15.9218,2.0197,15.5005,0.7414,1.6004,0.7213,3.2627,16.0316,-0.5311000000000003
July 2024,DTK,6.6784,0.2322,16.6482,46.4437,0.3639,45.6813,1.5072,4.135,1.7016,3.8821,35.1486,10.532699999999998
July 2024,DWR,6.6071,0.0,12.8784,30.1069,1.1953,30.1062,1.5772,0.3675,1.0515,2.9424,26.6194,3.4868000000000023
July 2024,ECN,3.1007,0.4553,9.6479,27.7888,0.0353,27.1702,1.2031,3.1763,1.0234,2.5924,21.234399999999997,5.935800000000004
July 2024,ECO-old,,0.0,0.0,,0.0,,0.0,0.0,0.0,0.0,0.0,
July 2024,ECT,5.7919,0.0,15.4838,39.1978,0.7562,38.6534,1.5994,1.6,1.5785,4.1387,30.948500000000003,7.704899999999995
July 2024,ECW-old,5.9686,0.2036,12.9163,38.4423,0.2899,37.986,1.2443,2.158,1.1602,3.3751,27.316000000000003,10.669999999999995
July 2024,EGL,0.0,0.0,6.6077,18.1917,0.1042,17.4256,1.3586,2.7128,0.82,2.9496,14.552900000000001,2.8726999999999983
July 2024,EKL,9.8532,0.0,24.1204,57.4649,1.7831,56.849,1.9901,3.54,3.0721,5.8077,50.1666,6.682399999999994
July 2024,EST,6.3191,0.3788,12.5534,36.9917,0.4358,36.6567,1.242,1.701,1.5784,4.3665,28.574999999999996,8.081700000000005
July 2024,ETF,0.0,0.0,8.7173,23.109,0.0181,22.0086,1.0657,4.6759,0.6238,3.4857,18.5865,3.4221000000000004
July 2024,ETV,,0.0,0.0,,0.0,,0.0,0.0,0.0,0.0,0.0,
July 2024,EXA,3.778,0.63,13.4398,36.1355,0.4778,35.2243,1.4351,4.5103,0.7788,3.5509,28.600700000000003,6.623599999999996
July 2024,FDN,9.4816,0.2804,23.2117,65.8867,0.355,64.8057,2.4396,3.3181,2.822,4.4634,46.37180000000001,18.433899999999994
July 2024,FLM,4.4776,0.0949,10.6633,27.7802,0.5193,27.4248,1.4849,1.9,1.4045,2.963,23.5075,3.917300000000001
July 2024,FSM,0.0,0.5711,8.6686,22.2504,1.3478,21.1908,0.7291,3.7505,0.3871,2.7207,18.174899999999997,3.015900000000002
July 2024,GCN,4.9816,0.6938,13.4437,29.633,0.9899,29.2971,1.644,2.2727,1.0814,3.2728,28.3799,0.9172000000000011
July 2024,GEB,5.0804,0.563,13.0487,30.5636,1.215,30.2184,1.5335,1.227,2.2128,3.6066,28.487000000000002,1.7313999999999972
July 2024,GSC,0.0,0.0,6.882,17.7225,0.0181,16.8786,2.7402,0.0,0.0,2.5896,12.229899999999999,4.6487
July 2024,GSM,3.2589,0.2654,8.8656,22.7427,2.5059,22.3693,0.7881,1.18,0.8679,3.6705,21.402300000000004,0.9669999999999952
July 2024,HIM,2.4053,0.0,8.3218,21.2977,0.7354,20.7945,1.0973,1.475,1.0354,3.4063,18.4765,2.317999999999998
July 2024,HSR,13.4571,0.0,32.612,86.1641,0.3602,85.2256,2.9969,2.0661,2.1902,6.5339,60.21640000000001,25.009199999999993
July 2024,IBC,1.6282,0.0,6.408,16.6338,0.3224,16.2778,0.8892,0.7611,0.843,2.8706,13.7225,2.555299999999999
July 2024,IHY,3.0804,0.4248,15.5892,43.9787,0.7135,42.5365,1.4382,6.7196,1.0499,4.2509,33.2665,9.269999999999996
July 2024,INB,0.0,0.0,0.0,,,,0.0,0.0,0.0,0.0,0.0,
July 2024,IND,14.122,0.0,32.8948,85.3618,1.8315,84.5645,2.7404,2.4811,2.4105,6.7917,63.27199999999999,21.292500000000004
July 2024,ITPL,9.0586,0.0,26.6572,66.2999,1.3465,65.0039,2.17,6.4408,1.7,6.5807,53.953799999999994,11.050100000000008
July 2024,JAP,5.756,0.0,11.0345,26.1696,1.0367,26.1675,1.5563,0.371,1.2987,2.9682,24.0214,2.1461000000000006
July 2024,JIG,8.2939,0.0865,19.3019,45.8721,0.6593,45.491,1.8084,1.45,2.1834,4.6359,38.41929999999999,7.071700000000007
July 2024,JPC,,0.0,0.0,,0.0,0.0,0.0,0.0,0.0,0.0,0.0,0.0
July 2024,JPN,8.5042,0.0,23.2395,57.489,0.9945,56.7804,2.3273,5.714,1.9062,4.9228,47.6085,9.1719
July 2024,KAM,0.4669,0.0452,2.4697,4.7259,0.5851,4.6055,1.4153,4.2047,0.8718,0.1952,10.253900000000002,-5.648400000000001
July 2024,KBB,5.7035,0.531,11.6427,25.6682,2.5383,25.5779,1.7838,0.2754,0.9607,3.4783,26.9137,-1.335799999999999
July 2024,KCK,10.6119,0.0,18.5556,48.4832,1.0783,48.4828,1.8589,0.3828,1.5306,3.9802,37.9983,10.484499999999997
July 2024,KNP,4.0409,,10.16,25.6094,1.3411,25.2599,1.4359,1.652,1.4249,3.4208,23.4756,1.7842999999999982
July 2024,KOR,7.1739,0.0,17.8449,47.3159,0.8601,46.6027,2.1089,2.36,2.1563,3.8766,36.380700000000004,10.221999999999994
July 2024,KTP,4.8059,0.531,15.7629,43.1689,0.6574,42.1431,1.2449,3.4813,2.633,4.9089,34.0253,8.117799999999995
July 2024,LTP,3.4023,0.4507,9.1871,24.9509,0.4003,24.4884,1.0127,2.0996,1.3905,3.2981,21.2413,3.2470999999999997
July 2024,MAN,2.5561,0.0,9.8005,27.4233,1.5729,26.7115,0.9757,3.1363,0.8967,2.9961,21.9343,4.777200000000001
July 2024,MTP,0.0,0.0,4.7917,11.6096,0.0303,11.0568,1.0031,2.1427,0.7358,1.9756,10.6792,0.37760000000000105
July 2024,NSS,8.205,0.0,15.8619,36.9931,0.9805,36.992,2.1011,0.47,1.2258,2.9381,31.7824,5.209599999999998
July 2024,ORE,,0.0,0.0,,0.0,0.0,0.0,0.0,0.0,0.0,0.0,0.0
July 2024,ORW,1.7913,1.0762,10.9802,32.2132,1.9331,31.1127,1.039,4.8463,1.0264,3.4927,26.1852,4.927500000000002
July 2024,PBF,2.7925,0.59,8.64,19.9146,3.9382,19.5765,1.4498,2.2454,0.5822,4.165,24.403100000000002,-4.826600000000003
July 2024,PPM,3.214,0.4553,8.6706,22.8388,0.5768,22.4391,1.2792,1.8896,0.8303,2.9767,19.8925,2.5466000000000015
July 2024,PRI,0.0,0.0,0.0,,0.0,0.0,0.0,0.0,0.0,0.0,0.0,0.0
July 2024,PRM,0.0,1.3017,5.3949,13.8543,0.0322,13.1946,1.1848,2.4314,0.9375,3.0709,14.3534,-1.1588000000000012
July 2024,PTP,,0.0,0.0,,0.0181,0.0,0.0343,0.0,0.0,0.0,0.0524,-0.0524
July 2024,RGA,4.6704,0.2643,10.0925,29.3739,0.051,29.0846,1.3124,2.1937,0.9173,3.0393,22.5409,6.543699999999998
July 2024,RMZ,0.9723,0.1888,7.0901,19.5757,0.1185,18.8886,1.321,2.4978,0.5514,3.25,15.989899999999999,2.8987000000000016
July 2024,ROH,5.3555,0.0,10.6415,24.5251,1.214,24.5251,1.4748,0.45,1.1804,3.2914,23.607599999999998,0.9175000000000004
July 2024,RRR,3.2962,0.4413,9.6836,25.6691,0.3408,25.245,1.2407,2.0645,1.0332,3.3372,21.4375,3.807500000000001
July 2024,SCH,0.0,0.5464,10.5113,27.9825,0.0714,26.65,0.9815,3.1447,1.0642,3.3332,19.6527,6.997299999999999
July 2024,SCK,9.9285,0.0,20.9372,49.0204,0.4702,49.0204,1.8424,0.441,1.0851,3.7145,38.4189,10.601500000000001
July 2024,SEC,,0.0,0.0,,0.0,0.0,0.0,0.0,0.0,0.0,0.0,0.0
July 2024,SES,6.068,0.0,11.9659,27.8862,0.7182,27.8837,1.9943,0.3307,1.0209,3.2454,25.3434,2.540300000000002
July 2024,SFC,10.7418,0.0578,19.8509,49.6245,0.7838,49.618,2.4333,0.4969,0.9932,3.5463,38.903999999999996,10.714000000000006
July 2024,SHV,4.6204,0.1475,10.5953,30.3899,0.5481,29.9635,1.5573,1.416,0.9231,4.4666,24.2743,5.6892
July 2024,SIG,,0.0,0.0,,0.0,,0.0,0.0,0.0,0.0,0.0,
July 2024,SJP,0.8508,0.0,2.9779,5.7763,0.475,5.6875,1.7527,2.5,0.2817,0.2485,9.0866,-3.3991000000000007
July 2024,SKO,6.7931,1.03,19.1362,46.9077,0.5255,46.1609,2.4934,3.9568,1.9252,4.6599,40.5201,5.640799999999999
July 2024,SMR,9.9811,0.209,21.1449,59.6617,1.5135,58.9471,1.6907,1.6388,1.9358,4.6234,42.7372,16.209899999999998
July 2024,STN,,0.59,7.0985,18.1422,0.8155,17.2783,1.1668,2.832,0.9,2.6468,16.049599999999998,1.2287000000000035
July 2024,SYH,7.9326,0.0,18.7942,47.06,0.9997,46.6001,1.7473,2.065,1.9668,5.4134,38.919,7.681100000000001
July 2024,Tecno,0.0,0.0,0.0,,0.0,,0.0,,0.0,0.0,0.0,
July 2024,VBP,8.7988,0.4673,21.7537,53.5209,0.815,52.8423,1.819,2.6727,1.3568,4.0845,41.7678,11.0745
July 2024,VEL,4.4581,,12.5917,34.7347,0.9063,34.0336,1.5296,1.394,1.733,4.2642,26.8769,7.156700000000001
July 2024,VIR,5.1999,0.295,10.3419,30.6366,0.2925,30.2908,1.3519,2.3048,1.658,3.9412,25.385200000000005,4.905599999999996
July 2024,VRA,2.5609,1.0915,9.6992,25.3781,0.8779,24.736,1.0662,3.071,1.891,4.9768,25.234499999999997,-0.4984999999999964
June 2024,ADM,15.2327,1.1417,33.1729,81.298,0.7332,80.7122,2.2587,5.1005,1.4408,6.4639,65.5444,15.1678
June 2024,AKA,3.2694,0.59,7.7667,20.6669,1.6108,20.3922,0.9205,1.593,0.9848,3.4454,20.1806,0.21160000000000068
June 2024,ANN,5.6661,0.8615,15.2198,38.5342,0.8417,37.9297,1.5273,4.1515,1.5456,4.5164,34.3299,3.599799999999995
June 2024,ARK,8.8176,0.0,19.9502,55.4193,0.9835,54.7565,1.9085,1.475,1.5783,4.7522,39.4653,15.291200000000003
June 2024,ATL,2.9108,0.531,11.4898,29.3855,0.8494,28.6011,1.3497,2.7981,0.7,2.673,23.3018,5.299299999999999
June 2024,ATT,0.6633,0.0346,2.6335,5.7932,0.9472,5.6611,1.1106,0.6923,0.4234,2.4444,8.949300000000001,-3.2882000000000007
June 2024,AUR,,0.0,0.0,,0.0,0.0,0.0,0.0,0.0,0.0,0.0,0.0
June 2024,AVK,3.397,0.7722,10.2431,24.5049,1.0331,24.0717,1.0431,2.5698,1.1153,3.5921,23.7657,0.30600000000000094
June 2024,BAG,0.9422,0.3098,6.2328,15.8063,0.0347,15.2537,0.9217,1.8,0.5155,2.41,13.166700000000002,2.086999999999998
June 2024,BTG,3.2156,0.2602,8.0099,22.6587,0.0162,22.2724,0.9715,2.0434,0.4274,3.0109,17.9551,4.3172999999999995
June 2024,BVG,4.5098,0.118,13.9656,35.0153,0.3762,34.3927,1.6378,1.405,1.1681,3.7663,26.9468,7.445899999999998
June 2024,CAR,0.9626,0.693,6.7394,17.1371,0.2446,16.5301,0.6325,1.9319,0.7,2.3967,14.300699999999999,2.229400000000002
June 2024,CLA,6.2918,0.0,12.7515,30.8081,0.6016,30.7799,1.4939,0.3816,1.2899,3.6938,26.504099999999998,4.275800000000004
June 2024,CPM,0.5836,0.6933,9.8112,27.3786,0.0846,26.2047,1.0309,4.0203,1.0,4.4954,21.719299999999997,4.485400000000002
June 2024,CVR,0.0,0.295,3.9118,10.6558,0.0162,10.1484,0.7096,1.1736,0.876,2.5713,9.5535,0.5949000000000009
June 2024,CYG,2.2095,0.8937,7.27,20.3523,0.192,19.8745,0.9927,2.4309,0.7986,2.8251,17.612499999999997,2.262000000000004
June 2024,DCB,0.0,0.0,5.5182,11.8822,0.0788,11.8822,1.358,0.0,0.0,2.8712,9.8262,2.055999999999999
June 2024,DCH,0.0,0.0,12.1141,25.9688,0.0162,25.9247,2.98,0.0,0.0,3.0311,18.1414,7.7833000000000006
June 2024,DIV,3.213,0.177,8.2238,22.9199,0.2647,22.5021,1.1627,2.6552,1.3313,3.4725,20.5002,2.001899999999999
June 2024,DLF,,0.0,0.0,,0.0,,0.0,0.0,0.0,0.0,0.0,
June 2024,DLP,1.179,0.5855,8.8696,23.581,0.0429,22.7097,0.8748,2.9034,0.6092,3.5538,18.6182,4.0915
June 2024,DSL,1.5765,0.413,6.2091,15.524,1.9974,15.1241,0.8771,1.5532,0.9311,2.9526,16.51,-1.3859000000000012
June 2024,DTK,6.8523,0.2322,17.2221,45.965,0.3389,45.2426,1.5578,4.0556,1.6764,3.6704,35.6057,9.636900000000004
June 2024,DWR,6.435,0.0,12.7327,29.2572,1.1769,29.2565,1.169,0.3675,1.052,3.1728,26.1059,3.1506000000000007
June 2024,ECN,2.8885,0.4445,9.2176,25.4826,0.1901,24.9265,1.0902,2.6836,1.1123,2.7391,20.365900000000003,4.560599999999997
June 2024,ECO-old,,0.0,0.0,,0.0,,0.0,0.0,0.0,0.0,0.0,
June 2024,ECT,5.8368,0.0,15.749,38.5053,0.8293,37.9633,1.638,1.6,1.8588,4.453,31.9649,5.998399999999997
June 2024,ECW-old,6.2713,0.2036,13.421,38.0559,0.2967,37.637,1.1782,0.4071,1.1449,3.2806,26.2034,11.433600000000002
June 2024,EGL,0.0,0.0,6.3654,16.0656,0.0175,15.3806,1.0212,1.9401,0.9125,2.4177,12.6744,2.706199999999999
June 2024,EKL,8.9698,0.0,22.1658,53.2773,2.7587,52.673,2.3569,3.54,2.5497,5.6848,48.0257,4.647300000000001
June 2024,EST,6.2285,0.3788,12.5384,36.4796,0.4715,36.1107,1.1758,1.701,1.5894,3.6492,27.7326,8.3781
June 2024,ETF,0.0,0.0,8.1543,20.5979,0.0351,19.617,1.0734,2.7778,0.619,2.6081,15.267699999999998,4.349300000000003
June 2024,ETV,,0.0,0.0,,0.0,,0.0,0.0,0.0,0.0,0.0,
June 2024,EXA,3.4489,0.63,13.2327,36.0491,0.3805,35.0629,0.9664,4.4913,0.7736,3.6141,27.537499999999998,7.525400000000001
June 2024,FDN,9.2925,0.2804,22.2092,62.7032,0.2798,61.7112,2.3465,3.0433,3.7208,4.943,46.1155,15.5957
June 2024,FLM,4.6331,0.0949,10.7958,27.3415,0.8451,27.0324,1.3182,1.9,0.9957,2.9261,23.508899999999997,3.523500000000002
June 2024,FSM,0.0032,0.5711,9.1324,22.4254,0.866,21.3581,0.9953,3.7784,0.4163,3.2795,19.0422,2.315899999999999
June 2024,GCN,5.3457,0.6938,14.34,32.382,0.6105,32.0093,1.3897,2.4871,0.867,3.3284,29.062199999999997,2.947100000000006
June 2024,GEB,4.9068,0.563,12.2513,28.9107,1.6664,28.6035,1.3322,1.086,2.0745,3.532,27.4122,1.1913000000000018
June 2024,GSC,0.0,0.0,6.0004,15.1559,0.0609,14.4342,2.7843,0.0,0.0,3.0144,11.860000000000001,2.5741999999999994
June 2024,GSM,3.7607,0.2654,9.8433,24.9688,1.1114,24.5904,0.983,1.18,0.8406,2.4454,20.4298,4.160599999999999
June 2024,HIM,2.282,0.0,8.3038,21.0372,0.6559,20.5276,0.9897,1.475,1.2004,3.8009,18.707700000000003,1.819899999999997
June 2024,HSR,13.0803,0.0,29.6377,82.0574,0.5079,81.1193,2.5974,2.0661,2.5292,6.3603,56.7789,24.340399999999995
June 2024,IBC,1.2385,0.0,4.8365,12.5174,0.239,12.233,0.9007,0.7611,0.8966,2.2342,11.1066,1.1264000000000003
June 2024,IHY,2.594,0.4248,15.4986,42.6966,0.584,41.2156,1.4251,6.6097,1.1538,4.1887,32.4787,8.736899999999999
June 2024,INB,0.0,0.0,0.0,,,,0.0,0.0,0.0,0.0,0.0,
June 2024,IND,13.0314,0.0,28.4527,75.1995,1.6655,74.5523,3.1816,2.4811,2.4583,5.2278,56.498400000000004,18.0539
June 2024,ITPL,8.9858,0.0,25.7473,64.81,0.717,63.5607,2.0204,6.1943,1.5949,6.9628,52.2225,11.3382
June 2024,JAP,5.3955,0.0,10.6996,24.4434,1.2759,24.4391,1.1965,0.371,1.1184,3.4839,23.5408,0.898299999999999
June 2024,JIG,8.2051,0.0865,17.9987,43.914,1.7553,43.6022,2.1575,1.45,1.8567,4.2101,37.719899999999996,5.882300000000008
June 2024,JPC,,0.0,0.0,,0.0,0.0,0.0,0.0,0.0,0.0,0.0,0.0
June 2024,JPN,8.8147,0.0,23.2762,58.7329,0.8135,57.9895,2.0401,5.7671,1.8665,4.6978,47.2759,10.7136
June 2024,KBB,4.8779,0.531,10.0062,24.0211,1.3855,23.9329,1.1694,0.2702,1.0875,2.8846,22.2123,1.720600000000001
June 2024,KCK,10.8963,0.0,18.9193,49.4076,0.8497,49.406,1.4256,0.3828,1.4912,4.1268,38.091699999999996,11.314300000000003
June 2024,KNP,3.9412,,10.4894,25.8501,2.1174,25.4678,1.462,1.652,1.4276,3.5443,24.633899999999997,0.8339000000000034
June 2024,KOR,6.5592,0.0,16.1138,43.7644,1.4698,43.0809,1.5952,2.36,2.251,4.1124,34.461400000000005,8.619499999999995
June 2024,KTP,4.7478,0.531,15.0652,41.4389,1.2711,40.481,1.1581,3.3435,2.6585,4.747,33.5222,6.958800000000004
June 2024,LTP,3.8489,0.4507,10.6389,27.9545,1.8092,27.4411,1.181,2.3446,1.332,3.2012,24.8065,2.634599999999999
June 2024,MAN,2.0348,0.0,8.6729,25.0012,1.3631,24.2686,0.9214,2.8637,0.7778,2.897,19.530700000000003,4.737899999999996
June 2024,MTP,0.0,0.0,4.4632,10.2928,0.0175,9.8026,0.8718,1.3881,0.7492,1.8368,9.326600000000001,0.4759999999999991
June 2024,NSS,8.0794,0.0,15.1689,36.5264,1.144,36.5259,1.7065,0.47,1.2302,2.7527,30.5517,5.9742
June 2024,ORE,,0.0,0.0,,0.0,0.0,0.0,0.0,0.0,0.0,0.0,0.0
June 2024,ORW,1.9286,1.0762,10.5344,30.8666,0.9174,29.8465,1.3309,4.6669,1.0063,3.9283,25.389,4.4575
June 2024,PBF,2.7977,0.59,8.5497,20.729,4.0562,20.3521,1.0983,2.214,0.5912,3.5354,23.432499999999997,-3.0803999999999974
June 2024,PPM,3.1141,0.4553,8.9634,22.8197,1.197,22.4032,1.0067,1.912,0.8017,2.9773,20.4275,1.9756999999999998
June 2024,PRI,0.0,0.0,0.0,,0.0,0.0,0.0,0.0,0.0,0.0,0.0,0.0
June 2024,PRM,0.0,1.3213,5.3983,14.6934,0.0162,13.9937,1.1636,2.4314,0.8,3.2606,14.3914,-0.3977000000000004
June 2024,PTP,,0.0,0.0,,,0.0,0.0,0.0,0.0,0.0,0.0,0.0
June 2024,RGA,5.0028,0.2643,10.8872,29.5751,0.0347,29.304,1.2036,2.1766,0.9296,2.859,23.357799999999997,5.946200000000001
June 2024,RMZ,0.9472,0.1888,6.3749,17.1846,0.0347,16.5921,1.0909,2.0978,0.5631,2.9928,14.290199999999999,2.3019
June 2024,ROH,5.4361,0.0,10.5345,24.7229,1.1708,24.7229,1.3339,0.45,1.3055,3.7633,23.9941,0.7287999999999997
June 2024,RRR,3.1993,0.4413,10.2677,23.8559,0.4826,23.4679,1.1622,2.0645,1.0169,3.2135,21.848,1.6199000000000012
June 2024,SCH,0.0,0.5464,10.9304,28.6143,0.0366,27.2517,1.0027,3.2157,1.1248,2.9995,19.8561,7.395599999999998
June 2024,SCK,10.0581,0.0,20.5336,46.8017,0.6758,46.7972,1.6194,0.441,1.5435,3.7824,38.6538,8.1434
June 2024,SEC,,0.0,0.0,,0.0,0.0,0.0,0.0,0.0,0.0,0.0,0.0
June 2024,SES,6.1696,0.0,11.8553,28.4289,1.0562,28.427,1.6208,0.3307,1.1041,3.1442,25.280900000000003,3.146099999999997
June 2024,SFC,10.9608,0.0578,21.3197,50.0819,0.9507,50.079,2.0823,0.4969,1.2584,3.5626,40.6892,9.389800000000001
June 2024,SHV,4.6742,0.1475,10.7786,30.2174,0.4846,29.7943,1.2602,1.416,1.092,4.3352,24.188299999999998,5.606000000000002
June 2024,SIG,,0.0,0.0,,0.0,,0.0,0.0,0.0,0.0,0.0,
June 2024,SJP,0.0,0.0,0.0,,0.0,0.0,0.2123,3.8009,0.0,0.0,4.0132,-4.0132
June 2024,SKO,6.2976,1.03,16.7199,40.7898,0.8317,40.211,1.9956,3.3307,2.0042,4.2816,36.4913,3.719699999999996
June 2024,SMR,9.5261,0.209,20.4129,56.6078,1.8599,55.9486,1.6743,1.6333,1.8807,4.876,42.0722,13.876399999999997
June 2024,STN,0.005,0.9637,1.8482,3.9595,0.3168,3.7709,0.9104,0.6608,0.25,1.5389,6.4938,-2.7229
June 2024,SYH,7.5955,0.0,18.0235,45.4332,1.6852,44.9497,1.7468,2.065,1.896,4.8918,37.9038,7.045900000000003
June 2024,Tecno,0.0,0.0,0.0,,0.0,,0.0,,0.0,0.0,0.0,
June 2024,VBP,8.78,0.4673,21.4682,53.4649,0.9865,52.7954,1.4694,2.7173,1.0344,4.1448,41.067899999999995,11.727500000000006
June 2024,VEL,4.199,,12.4006,34.4487,0.79,33.7043,1.6117,1.7,1.9485,4.7268,27.3766,6.327700000000004
June 2024,VIR,5.2599,0.295,10.7016,30.2586,0.5456,29.9429,1.3811,2.139,0.9961,3.838,25.1563,4.7866
June 2024,VRA,2.6842,1.0915,9.8623,26.2044,1.7092,25.5289,0.8358,3.1636,1.6266,3.9341,24.9073,0.6216000000000008
May 2024,ADM,14.6296,1.1417,30.4243,78.0509,0.7911,77.4578,2.2599,5.0046,1.4002,6.4362,62.0876,15.370200000000004
May 2024,AKA,2.9945,0.59,6.7848,17.5827,0.9905,17.3982,0.9892,1.593,1.076,3.2529,18.270899999999997,-0.8726999999999983
May 2024,ANN,5.4924,0.8615,14.4986,38.966,0.9724,38.2999,1.5367,4.244,1.4169,4.0508,33.073299999999996,5.226600000000005
May 2024,ARK,8.4667,0.0,17.6065,51.5165,0.7818,50.8987,1.6764,1.475,1.5209,4.9799,36.5072,14.3915
May 2024,ATL,1.0865,0.2741,5.134,13.7316,0.8841,13.3151,0.8292,1.3753,0.48,2.4613,12.5245,0.7905999999999995
May 2024,AUR,,0.0,0.0,,0.0,,0.0,0.0,0.0,0.0,0.0,
May 2024,AVK,3.6869,0.7722,10.2464,25.6159,1.2584,25.1767,1.3061,2.5218,1.0755,4.0632,24.930500000000002,0.2461999999999982
May 2024,BAG,1.0745,0.3098,7.251,19.6684,0.124,18.9534,0.9426,2.2366,0.6093,2.7521,15.299900000000001,3.6534999999999975
May 2024,BTG,3.8529,0.2602,8.982,26.0806,0.0958,25.6589,1.2985,2.3099,1.0594,2.8974,20.7561,4.902799999999999
May 2024,BVG,4.7282,0.118,12.9767,35.8292,0.8183,35.1568,1.5272,1.405,1.4107,3.7049,26.689,8.467799999999997
May 2024,CAR,1.0424,0.693,6.2642,17.1156,0.7412,16.5233,0.5093,1.8975,0.7227,2.4306,14.300900000000002,2.222399999999997
May 2024,CLA,6.4396,0.0,12.431,29.83,1.4279,29.8061,1.5905,0.3469,1.355,3.2285,26.8194,2.986699999999999
May 2024,CPM,1.0393,0.7499,9.8934,28.8928,0.2357,27.742,0.861,4.2557,1.0493,4.052,22.1363,5.605700000000002
May 2024,CVR,0.0,0.295,3.723,10.8328,0.0788,10.317,1.1873,1.2174,0.8652,2.1898,9.5565,0.7605000000000004
May 2024,CYG,2.9769,0.8937,7.5428,24.3828,0.0514,23.8696,1.1508,2.8198,0.7418,3.477,19.6542,4.215399999999999
May 2024,DCB,0.0,0.0,6.0326,13.6741,0.0788,13.6741,1.4486,0.0,0.0,2.7078,10.267800000000001,3.406299999999998
May 2024,DCH,0.0,0.0,11.3048,25.3005,0.0192,25.3005,2.8787,0.0,0.0,3.1225,17.325200000000002,7.975299999999997
May 2024,DIV,2.9936,0.177,8.6825,24.2868,0.3155,23.7892,1.6169,2.8044,1.4864,3.5095,21.5858,2.203400000000002
May 2024,DLF,,0.0,0.0,,0.0,,0.0,0.0,0.0,0.0,0.0,
May 2024,DLP,1.3297,0.5855,9.3024,26.5487,0.0416,25.5774,0.7756,3.2588,0.6674,3.3917,19.3527,6.224700000000002
May 2024,DSL,0.1639,0.0533,0.8979,1.5653,0.2556,1.5262,0.6103,0.1446,0.22,0.0803,2.4259,-0.8996999999999999
May 2024,DTK,6.0799,0.2322,15.507,43.0292,0.4763,42.2907,1.3369,3.8663,1.6485,3.4126,32.5597,9.731000000000002
May 2024,DWR,6.826,0.0,13.8527,31.008,2.0428,31.0057,1.6026,0.3935,1.072,3.2498,29.039399999999997,1.966300000000004
May 2024,ECN,3.3393,0.4445,9.5918,28.3107,0.124,27.7113,1.1356,2.9523,1.1166,3.079,21.783099999999997,5.928200000000004
May 2024,ECO-old,,0.0,0.0,,0.0,,0.0,0.0,0.0,0.0,0.0,
May 2024,ECT,5.9698,0.0,15.2966,38.9723,1.6248,38.384,1.7697,1.6,1.6898,4.6302,32.5809,5.803100000000001
May 2024,ECW-old,5.2788,0.2036,11.7989,33.5258,0.4053,33.0634,1.1983,0.4071,1.0924,3.0875,23.471899999999998,9.591500000000003
May 2024,EGL,0.0,0.0,6.4222,16.2546,0.0788,15.57,1.1805,1.9387,0.8721,2.5665,13.0588,2.5112000000000005
May 2024,EKL,9.7545,0.0,22.3613,55.3526,2.8581,54.76,2.0419,3.54,2.5162,5.6136,48.685599999999994,6.074400000000004
May 2024,EST,5.9093,0.3788,11.6388,34.6166,0.7878,34.233,1.363,1.701,1.7383,3.9994,27.5164,6.716599999999996
May 2024,ETF,0.0,0.0,8.658,21.9713,0.0788,20.9251,1.502,2.9631,0.6039,2.6374,16.443199999999997,4.481900000000003
May 2024,ETV,,0.0,0.0,,0.0,,0.0,0.0,0.0,0.0,0.0,
May 2024,EXA,2.5702,0.63,10.6805,29.899,0.7982,29.0513,0.9577,3.7822,0.8268,3.0958,23.3414,5.709900000000001
May 2024,FDN,10.7172,0.2804,25.3804,72.3545,0.4146,71.2629,2.5951,3.3501,2.51,5.2276,50.4754,20.7875
May 2024,FLM,4.6638,0.0949,10.6929,28.2767,0.889,27.9345,0.8638,1.9,1.2009,3.5299,23.8352,4.0992999999999995
May 2024,FSM,0.0288,0.5711,7.7976,20.4285,2.2114,19.4558,0.8362,3.554,0.3829,2.6352,18.0172,1.438600000000001
May 2024,GCN,5.3946,0.6938,13.8286,32.1166,0.7779,31.7612,1.3596,2.448,1.3017,3.3564,29.1606,2.6006
May 2024,GEB,5.8537,0.563,13.1525,34.0172,2.2427,33.6736,1.5941,1.2144,1.885,3.9129,30.4183,3.255300000000002
May 2024,GSC,0.0,0.0,6.6155,17.8901,0.0788,17.0382,3.0529,0.0,0.0,2.4773,12.2245,4.813699999999999
May 2024,GSM,3.8354,0.2654,8.6946,23.8821,0.4044,23.5734,0.9468,1.18,0.8261,2.9598,19.112499999999997,4.460900000000002
May 2024,HAA,0.0,0.0,0.0,,0.0,,0.0,0.0,0.0,0.0,0.0,
May 2024,HIM,2.4677,0.0,8.2587,22.2569,1.3351,21.7156,1.0415,1.475,1.3138,4.7757,20.667499999999997,1.0481000000000016
May 2024,HSR,12.8755,0.0,27.3085,78.7652,0.8153,77.7859,2.9499,2.0661,2.4793,6.1513,54.645900000000005,23.139999999999993
May 2024,IBC,1.1295,0.0,4.4772,11.8041,0.1345,11.4852,0.966,0.7611,0.8425,2.4757,10.7865,0.6987000000000005
May 2024,IHY,2.8524,0.4248,14.9612,41.8417,1.5651,40.4364,1.32,6.4287,1.1677,3.5293,32.2492,8.187199999999997
May 2024,INB,0.0,0.0,0.0,,,,0.0,0.0,0.0,0.0,0.0,
May 2024,IND,13.1207,0.0,24.4931,67.9924,1.4797,67.523,2.6875,2.4811,2.1795,5.4547,51.8963,15.6267
May 2024,ITPL,9.4401,0.0,25.8401,65.5605,1.2424,64.2941,2.213,6.2689,1.6624,5.4969,52.163799999999995,12.130300000000005
May 2024,JAP,5.7307,0.0,11.1313,25.7435,2.0335,25.7417,1.5422,0.371,1.138,3.2404,25.1871,0.5546000000000006
May 2024,JIG,8.3669,0.0865,17.9424,45.0729,2.018,44.7581,1.6619,1.45,1.8815,4.2788,37.686,7.072099999999999
May 2024,JPC,,0.0,0.0,,0.0,,0.0,0.0,0.0,0.0,0.0,
May 2024,JPN,8.4672,0.0,20.7499,53.7926,1.6585,53.0639,1.895,5.3269,1.8508,4.9244,44.8727,8.191199999999995
May 2024,KBB,4.8989,0.531,9.9993,23.1598,2.5623,23.1011,1.3317,0.179,1.1776,3.3362,24.016,-0.9148999999999994
May 2024,KCK,10.5759,0.0,17.2557,47.1616,1.2617,47.1606,1.7138,0.3828,1.5641,3.8883,36.642300000000006,10.518299999999996
May 2024,KNP,3.4494,,8.3333,23.425,1.4361,23.0558,1.1942,1.4,0.9875,3.4063,20.206799999999998,2.8490000000000038
May 2024,KOR,6.7274,0.0,15.7757,45.1356,1.154,44.4063,2.0092,2.36,2.0217,4.4711,34.5191,9.8872
May 2024,KTP,4.8674,0.531,13.836,39.853,1.656,39.0173,1.1104,3.2226,2.3873,4.036,31.6467,7.3706
May 2024,LTP,3.6308,0.4507,9.3036,26.2351,0.6108,25.7448,1.2219,2.2126,1.3603,3.1214,21.9121,3.8327000000000027
May 2024,MAN,1.5452,0.0,5.8669,17.2048,0.596,16.7022,0.9378,2.3599,0.8948,3.0034,15.204,1.4982000000000006
May 2024,MTP,0.0,0.0,4.6943,10.9088,0.0788,10.3893,0.9557,1.4711,0.7544,1.828,9.782300000000001,0.6069999999999993
May 2024,NSS,8.7069,0.0,15.3919,39.1327,1.9338,39.1312,1.8208,0.47,1.4044,3.0449,32.7727,6.358499999999999
May 2024,ORE,,0.0,0.0,,0.0,,0.0,0.0,0.0,0.0,0.0,
May 2024,ORW,2.3925,1.0762,11.0549,32.9409,0.124,31.8924,1.0489,4.9812,1.0374,3.1681,24.8832,7.0092
May 2024,PBF,2.8928,0.59,7.7585,19.1217,4.251,18.8329,1.2477,1.9642,0.6,3.758,23.0622,-4.229300000000002
May 2024,PPM,3.3766,0.4553,8.122,22.6145,0.9033,22.2569,0.9985,1.8193,0.7691,3.4125,19.8566,2.4003000000000014
May 2024,PRI,0.0,0.0,0.0,,0.0,,0.0,0.0,0.0,0.0,0.0,
May 2024,PRM,0.005,1.3806,0.8498,2.0178,0.9216,1.9217,0.6546,2.1225,0.1884,0.1616,6.2841000000000005,-4.362400000000001
May 2024,PTP,,0.0,0.0,,0.0,,0.0,0.0,0.0,0.0,0.0,
May 2024,RGA,4.5556,0.2643,9.1231,26.7697,0.124,26.4764,1.3906,2.046,0.887,3.0563,21.4469,5.029500000000002
May 2024,RMZ,0.9271,0.1888,7.5123,19.8079,0.124,19.1456,1.2679,2.5341,0.619,3.0246,16.1978,2.947800000000001
May 2024,ROH,5.6543,0.0,10.6474,25.4252,2.1771,25.4252,1.4288,0.45,1.1793,3.5972,25.1341,0.29110000000000014
May 2024,RRR,3.0427,0.4413,8.7066,23.3478,0.8347,22.9103,1.2557,2.0645,1.11,3.61,21.0655,1.8447999999999993
May 2024,SCH,0.0099,0.5464,10.4248,28.1215,0.0521,26.7893,0.9996,3.1611,1.2739,3.5425,20.0103,6.779
May 2024,SCK,10.3757,0.0,20.1795,48.7432,0.7552,48.7374,1.5886,0.441,1.422,4.0411,38.8031,9.9343
May 2024,SEC,,0.0,0.0,,0.0,,0.0,0.0,0.0,0.0,0.0,
May 2024,SES,6.5719,0.0,11.855,29.711,2.0155,29.7094,1.4119,0.3307,1.1705,3.2802,26.6357,3.0736999999999988
May 2024,SFC,11.7787,0.0578,20.9203,52.8283,1.6576,52.8143,1.8628,0.4969,0.6533,3.9684,41.3958,11.418500000000002
May 2024,SHV,4.7537,0.1475,10.7042,30.1228,1.3046,29.7043,1.3858,1.416,1.2191,3.7568,24.6877,5.0166
May 2024,SIG,,0.0,0.0,,0.0,,0.0,0.0,0.0,0.0,0.0,
May 2024,SJP,0.0,0.0,0.0,,0.0,,0.0,0.0,0.0,0.0,0.0,
May 2024,SKO,6.3975,1.03,16.3793,42.9483,0.8613,42.2901,2.0581,3.5828,1.8023,3.8819,35.9932,6.296900000000001
May 2024,SMR,8.5094,0.209,18.1336,50.7685,1.5255,50.1509,1.7741,1.6333,1.6175,4.7526,38.155,11.995899999999999
May 2024,SYH,7.7331,0.0,17.2438,44.6786,1.4557,44.1634,1.9458,2.065,1.8864,4.2376,36.5674,7.596000000000004
May 2024,Tecno,0.0,0.0,0.0,,0.0,,0.0,,0.0,0.0,0.0,
May 2024,VBP,8.8861,0.4673,21.0295,55.0503,1.6562,54.2813,2.1076,2.7619,1.0539,3.692,41.6545,12.626800000000003
May 2024,VEL,3.6953,,10.4563,30.0123,1.1992,29.382,0.9841,1.7,1.6746,3.7459,23.455400000000004,5.926599999999997
May 2024,VIR,5.1227,0.295,10.5498,29.7457,0.4341,29.421,1.2278,2.2362,1.3726,3.3077,24.5459,4.8751
May 2024,VRA,2.8562,1.0915,9.724,26.8199,1.7539,26.1576,1.1142,3.2096,1.7974,3.0341,24.5809,1.5766999999999989
May 2025,ADM,19.1291,1.2213,37.2719,103.0079,1.4303,102.232,2.6661,5.7346,1.615,6.4014,75.4697,26.762299999999996
May 2025,AKA,4.5858,0.6195,11.0928,31.6175,2.0079,31.1616,1.3836,1.6726,1.1498,2.7596,25.2716,5.890000000000001
May 2025,AMZ,0.0,0.0,9.5162,20.5242,0.0,19.5469,1.011,0.0,0.0,4.4184,14.945599999999999,4.601300000000002
May 2025,ANN,7.4993,0.8615,17.2013,48.8824,1.7281,48.2005,2.0233,5.1936,1.5389,5.7498,41.7958,6.404699999999998
May 2025,ARK,10.1018,0.0,21.367,64.6832,1.0248,63.8889,2.0882,1.5139,1.819,5.5156,43.4303,20.458599999999997
May 2025,ATL,4.4461,0.6233,13.7963,41.4475,1.4275,40.4942,1.5355,3.7384,0.9831,3.2198,29.77,10.7242
May 2025,ATT,2.9364,0.0944,8.4146,24.0177,1.9413,23.5533,1.3,1.888,1.3859,3.7851,21.7457,1.8076000000000008
May 2025,AUR,0.0,0.0,0.0,0.0,0.0,0.0,0.0,0.0,0.0,0.0,0.0,0.0
May 2025,AVK,1.8732,0.7789,6.833,17.0969,0.648,16.6627,1.1466,2.1351,0.9348,3.8718,18.221400000000003,-1.5587000000000018
May 2025,AYN,4.0996,0.0,9.0379,26.637,1.5876,26.3084,1.3882,1.4632,1.1708,3.8345,22.5818,3.7265999999999977
May 2025,BAG,0.0,0.413,4.3241,12.2275,0.2246,11.6452,1.069,1.3741,0.7429,3.1396,11.2873,0.3579000000000008
May 2025,BNJ,4.9407,0.14,12.9892,37.5787,1.6669,36.9185,1.6863,4.13,1.8279,4.0334,31.4144,5.504100000000001
May 2025,BOM,4.3938,0.118,11.0139,28.6421,3.3822,28.2655,1.5144,2.242,1.7945,5.31,29.7688,-1.5032999999999994
May 2025,BTG,5.0296,0.3122,12.0075,36.4454,0.4704,35.8509,1.5155,3.2373,0.5573,4.0897,27.2195,8.631400000000003
May 2025,BVG,5.9286,0.118,14.2275,44.5011,0.9172,43.7245,1.6762,1.4753,1.4877,3.8292,29.6597,14.064799999999998
May 2025,CAR,1.4028,0.7692,9.548,27.6579,1.3099,26.6597,1.0386,3.1442,1.1784,4.6764,23.067499999999995,3.5922000000000054
May 2025,CLA,7.4851,0.0,15.2648,35.2444,1.7028,35.2072,1.6928,0.3643,1.6011,4.007,32.1179,3.0893000000000015
May 2025,CPM,0.4575,0.7984,9.9902,29.9849,0.0312,28.662,1.6356,4.3967,1.0496,4.8506,23.209799999999998,5.452200000000001
May 2025,CVR,0.0,0.3098,3.7227,11.1557,0.045,10.6245,0.9208,1.2537,0.7408,2.9619,9.9547,0.6697999999999986
May 2025,CYG,4.2873,0.9388,10.6801,33.2945,0.3564,32.6951,1.1494,3.6909,1.0445,3.7214,25.868799999999997,6.8263
May 2025,DCB,0.0,0.0,6.246,14.65,0.0177,14.65,2.9248,0.0,0.0,2.7788,11.967300000000002,2.6826999999999988
May 2025,DCH,0.0,0.0,14.7772,33.5025,0.0,33.4413,4.7712,0.0,0.0,5.4926,25.041,8.400299999999998
May 2025,DIV,2.054,0.2124,6.7368,20.4677,0.3699,19.9587,1.4437,2.124,0.9599,3.4844,17.3851,2.573599999999999
May 2025,DLF,0.0,0.0,0.0,0.0,0.0,0.0,0.0,0.0,0.0,0.0,0.0,0.0
May 2025,DLP,0.0,0.7514,7.6292,20.5138,0.0118,19.5369,1.0678,2.7664,0.6455,3.2133,16.0854,3.4514999999999993
May 2025,DLT,3.3252,0.8271,7.4174,22.0501,1.6407,21.765,1.0854,2.8256,0.7553,3.7264,21.603099999999998,0.16190000000000282
May 2025,DSL,2.429,0.413,8.4625,24.4757,2.1668,23.8692,1.1455,2.3136,1.1859,2.4182,20.5345,3.334699999999998
May 2025,DTK,6.7191,0.2322,16.9831,51.3592,1.1111,50.4452,1.9217,4.6487,1.7968,5.336,38.7487,11.6965
May 2025,DWR,11.2328,0.0,19.5796,51.1933,2.2793,51.1909,1.7471,0.4336,1.2398,4.1252,40.6374,10.5535
May 2025,ECN,1.5015,0.4553,8.2175,23.9188,0.2384,23.1432,1.1936,2.9192,1.05,3.3622,18.9377,4.205500000000001
May 2025,ECO-old,0.0,0.0,0.0,0.0,0.0,0.0,0.0,0.0,0.0,0.0,0.0,0.0
May 2025,ECT,5.4831,0.0,13.8162,39.1981,1.8656,38.5518,1.6535,2.1004,2.0496,4.4322,31.400600000000004,7.151199999999996
May 2025,ECW-old,2.4057,0.2036,5.7165,18.877,0.285,18.5154,0.9929,1.7332,0.9432,3.7712,16.0513,2.4640999999999984
May 2025,EGL,0.0,0.0,6.415,19.5325,0.0295,18.7098,1.3597,2.9126,0.8114,3.8407,15.368900000000002,3.3408999999999995
May 2025,EKL,11.8385,0.0,26.1519,71.6364,1.7968,70.8293,2.4866,3.7878,3.8553,7.7923,57.709199999999996,13.120100000000008
May 2025,EST,6.296,0.3977,12.5062,37.6212,1.0127,37.261,1.7072,1.7772,1.8542,4.0364,29.587600000000002,7.673400000000001
May 2025,ETF,0.0,0.0,9.487,25.5215,0.0361,24.3062,1.2516,5.2322,0.67,3.2754,19.9523,4.353899999999999
May 2025,ETV,0.0,0.0,0.0,0.0,0.0,0.0,0.0,0.0,0.0,0.0,0.0,0.0
May 2025,EXA,0.0,0.6741,9.7503,27.2673,2.2719,25.9689,1.2887,4.1205,0.9076,4.3863,23.3994,2.5695000000000014
May 2025,FDN,12.7337,0.2804,29.82,91.8574,0.8902,90.4099,2.7235,4.4421,2.7605,5.8082,59.4586,30.951299999999996
May 2025,FKM,0.0,0.59,5.9723,11.6874,2.1418,11.1309,1.1949,1.5762,0.6231,3.133,15.231300000000001,-4.1004000000000005
May 2025,FLM,4.7755,0.0949,10.9396,32.3821,1.4471,31.9331,1.9785,2.5783,1.6449,3.8706,27.3294,4.6037
May 2025,FSM,0.0,0.6282,9.6677,27.986,0.111,26.6534,1.298,4.756,0.4271,2.65,19.538,7.115400000000001
May 2025,GCN,7.6219,0.3253,15.5687,43.6518,3.7607,43.2406,1.4153,3.7467,1.7484,4.8472,39.0342,4.206400000000002
May 2025,GEB,7.3462,0.5987,16.0554,44.06,1.4815,43.5886,1.8507,1.6645,1.2395,4.5742,34.8107,8.777900000000002
May 2025,GSC,0.0,0.0,8.7755,23.3523,0.0177,22.2403,3.7282,0.0,0.0,3.2432,15.7646,6.475700000000002
May 2025,GSM,4.6988,0.3052,10.7426,31.6735,1.6906,31.2342,1.3555,1.357,0.9315,2.9606,24.0418,7.192400000000003
May 2025,HIM,3.3769,0.0,10.5995,31.2782,1.4952,30.5628,1.6936,1.5635,1.3994,4.2219,24.35,6.212799999999998
May 2025,HKZ,8.9914,0.0,19.2006,53.8697,4.2531,53.2666,2.3241,5.6994,2.0022,7.3846,49.8554,3.411199999999994
May 2025,HSR,15.2811,0.0,32.8094,97.8715,1.4444,96.6601,2.4445,2.2004,2.2271,8.1898,64.5967,32.0634
May 2025,IBC,1.4453,0.0,5.2633,15.4857,0.8676,15.0665,1.2332,0.7921,1.507,2.9155,14.024000000000001,1.0424999999999986
May 2025,IHY,0.0,0.4519,12.2808,35.4125,0.7566,33.7262,1.6443,5.9695,1.2311,3.6757,26.009900000000002,7.716299999999997
May 2025,INB,0.0,0.0,0.0,0.0,0.0,0.0,0.0,0.0,0.0,0.0,0.0,0.0
May 2025,IND,16.5241,0.0,36.5728,102.0268,1.8388,100.8314,3.9032,2.9277,3.104,7.6338,72.5044,28.326999999999998
May 2025,ITPL,7.9204,0.0,24.7303,64.171,2.0595,62.8015,2.234,6.3765,1.6314,7.2431,52.1952,10.606299999999997
May 2025,JAP,8.3402,0.0,14.4089,37.9169,2.0515,37.9061,2.1176,0.464,1.1272,4.0388,32.548199999999994,5.357900000000008
May 2025,JAY,5.6181,0.1,17.582,49.1023,1.7474,47.9847,2.5376,3.835,1.5869,5.3294,38.3364,9.648299999999999
May 2025,JIG,10.3066,0.0995,20.7288,57.0386,1.8892,56.5748,2.1636,1.9676,2.2397,5.4828,44.8778,11.697000000000003
May 2025,JPC,0.0,0.0,0.0,0.0,0.0,0.0,0.0,0.0,0.0,0.0,0.0,0.0
May 2025,JPN,5.7197,0.0,15.2665,45.3343,1.2225,44.4703,1.602,4.789,2.4063,5.3903,36.3963,8.074000000000005
May 2025,KAM,6.1245,0.059,15.661,43.3507,2.3009,42.6429,2.1623,4.071,1.9449,6.5658,38.8894,3.7534999999999954
May 2025,KBB,9.8329,0.531,17.3088,47.4977,2.1049,47.3777,2.4623,0.944,1.1893,4.2515,38.624700000000004,8.752999999999993
May 2025,KCK,11.5748,0.0,18.5607,54.3423,2.0285,54.3392,1.5997,0.4781,1.8148,4.2762,40.3328,14.0064
May 2025,KNP,5.8097,0.0,14.3348,39.192,2.1338,38.647,1.7033,1.7346,2.0022,5.13,32.8484,5.7986
May 2025,KOR,9.3037,0.0,19.8613,60.0144,1.2034,59.264,2.2781,2.65,2.7224,5.7475,43.7664,15.497600000000006
May 2025,KTP,5.984,0.5575,19.3033,56.7874,1.5546,55.451,1.578,4.9077,2.9731,5.0127,41.87089999999999,13.580100000000009
May 2025,LTP,2.3765,0.4507,9.0815,25.7018,1.435,25.0129,1.8193,2.4488,1.7471,3.9245,23.2834,1.729499999999998
May 2025,MAN,2.0094,0.0,9.9592,29.1053,1.3885,28.1649,1.3309,3.3235,0.8652,3.3937,22.2704,5.894500000000001
May 2025,MAY,6.4817,0.0,10.8693,29.6389,2.9086,29.6388,1.2605,0.531,1.2573,4.7433,28.0517,1.5870999999999995
May 2025,MFT,0.0,0.0,6.4115,14.7558,0.0,14.0531,1.194,0.0,0.0,2.8889,10.494399999999999,3.5587000000000018
May 2025,MMM,1.9083,0.6815,10.7627,30.1348,1.3148,29.1375,1.1212,3.1821,1.6856,4.2191,24.8753,4.2622
May 2025,MOM,8.0077,0.4109,16.5739,45.375,1.74,44.9707,1.5865,1.652,1.6664,6.1496,37.787,7.183700000000002
May 2025,MTM,0.0,2.3082,0.5744,1.6473,0.1928,1.5689,0.649,1.7033,0.7202,5.1665,11.314400000000001,-9.745500000000002
May 2025,MTP,0.0,0.0,3.433,9.8239,0.0562,9.3561,0.9966,1.7664,0.9407,2.4242,9.617099999999999,-0.26099999999999923
May 2025,NEX,3.0614,0.531,9.8587,27.8612,1.6342,27.2429,1.245,2.1034,1.1,3.5956,23.1293,4.113599999999998
May 2025,NSS,9.6762,0.0,15.6759,44.633,1.8857,44.6326,1.8477,0.5456,1.5938,4.5972,35.8221,8.810499999999998
May 2025,NUN,8.3522,0.0,19.207,54.907,1.7282,54.2005,1.6076,3.835,2.0997,5.6028,42.432500000000005,11.767999999999994
May 2025,OPP,5.0484,0.354,12.4177,35.4342,1.8491,34.9026,0.9507,2.0791,1.4424,3.7713,27.9127,6.989899999999999
May 2025,ORE,0.0,0.0,0.0,0.0,0.0,0.0,0.0,0.0,0.0,0.0,0.0,0.0
May 2025,ORW,0.0,1.0762,9.2356,26.6629,0.2311,25.3932,1.2443,4.2688,1.1123,4.033,21.2013,4.1919
May 2025,PAD,2.5507,0.0,9.767,26.7065,2.4299,26.0204,1.5919,2.1316,1.6669,5.14,25.278,0.7424
May 2025,PBF,5.0671,0.6195,13.0006,34.0755,1.9993,33.5792,1.4463,3.4757,0.6,5.2224,31.430899999999998,2.1483000000000025
May 2025,PER,2.9513,0.0,8.6902,24.0344,1.4066,23.5673,1.0474,2.301,1.3128,4.0619,21.7712,1.7960999999999991
May 2025,PPM,3.3602,0.4781,9.8417,27.4168,1.492,26.8817,1.2434,2.3426,0.9861,3.3866,23.130699999999997,3.7510000000000012
May 2025,PRI,0.0,0.0,0.0,0.0,0.0,0.0,0.0,0.0,0.0,0.0,0.0,0.0
May 2025,PRM,2.4142,1.4214,9.5923,26.7959,1.5885,26.0788,1.2574,3.3851,0.889,4.1169,24.6648,1.4140000000000015
May 2025,PTG,2.7376,0.0,9.1934,25.6721,2.7106,25.0802,1.5168,4.7355,1.4133,3.4631,25.770300000000002,-0.690100000000001
May 2025,PTP,5.6357,0.177,13.7753,37.6995,1.7611,37.1569,1.4378,1.5281,1.4669,4.5376,30.319499999999998,6.837400000000002
May 2025,RAJ,4.2757,0.0,9.2431,28.5117,1.3527,28.1389,1.6659,2.36,1.635,3.812,24.3444,3.7944999999999993
May 2025,RGA,5.0006,0.0,9.4785,29.251,0.9001,28.9878,1.3022,2.1454,1.1628,3.5747,23.5643,5.423500000000001
May 2025,RMZ,1.3086,0.1888,6.2609,18.3454,0.2278,17.7701,1.5174,2.14,0.7392,3.6538,16.0365,1.7335999999999991
May 2025,ROH,9.4811,0.0,15.6732,43.6537,1.847,43.6522,1.6247,0.5575,1.6893,4.2451,35.1179,8.534300000000002
May 2025,RRR,4.6108,0.4795,10.9667,34.7467,1.4029,34.1461,1.3389,2.1677,1.1081,3.6788,25.7534,8.392699999999998
May 2025,SCH,0.0,0.5464,11.483,33.2778,0.0263,31.6931,1.4393,3.7398,1.4129,3.984,22.631700000000002,9.061399999999999
May 2025,SCK,13.8273,0.0,23.9339,64.7979,1.6146,64.7936,1.926,0.5204,1.5209,4.6515,47.9946,16.799
May 2025,SEC,0.0,0.0,0.0,0.0,0.0,0.0,0.0,0.0,0.0,0.0,0.0,0.0
May 2025,SES,8.0973,0.6107,19.278,54.3516,1.9414,53.5233,1.881,3.8504,1.0873,5.3131,42.0592,11.464100000000002
May 2025,SFC,17.5188,0.0733,29.3934,80.8541,1.8545,80.8148,2.7819,0.6303,1.5972,4.3825,58.231899999999996,22.58290000000001
May 2025,SHA,3.7844,0.0,6.6615,17.5226,3.0055,17.5214,1.301,0.472,1.0059,3.8839,20.1142,-2.5928000000000004
May 2025,SHV,4.5564,0.177,11.3828,34.5721,1.1803,33.9514,1.6275,1.501,1.2948,4.4673,26.187099999999997,7.764300000000002
May 2025,SIG,0.0,0.0,0.0,0.0,0.0,0.0,0.0,0.0,0.0,0.0,0.0,0.0
May 2025,SJP,9.7298,0.0,20.4584,58.0146,1.4189,57.5239,1.7969,2.95,2.2139,7.0807,45.6486,11.875299999999996
May 2025,SKO,8.7071,1.03,20.4669,57.5324,1.6546,56.7296,2.3659,4.6721,2.1094,5.9534,46.9594,9.770199999999996
May 2025,SMR,14.173,0.209,29.5297,91.0274,0.9584,89.9342,2.6302,2.065,2.2163,6.5653,58.346900000000005,31.5873
May 2025,STN,1.265,0.59,11.026,32.4283,2.7764,31.1733,1.4611,4.3189,1.0904,3.7152,26.243000000000002,4.930299999999999
May 2025,SYH,9.7328,0.0,21.3406,57.8691,2.3992,57.1851,1.8735,2.065,2.676,7.8503,47.9374,9.247700000000002
May 2025,TGN,5.4935,0.274,13.5982,38.9959,2.9225,38.3688,1.8508,3.599,1.4517,4.5407,33.7304,4.638399999999997
May 2025,Tecno,0.0,0.0,0.0,0.0,0.0,0.0,0.0,0.0,0.0,0.0,0.0,0.0
May 2025,VBP,13.9081,0.7745,28.4672,81.0402,1.5074,80.1801,2.8994,3.0031,1.3281,6.2384,58.1262,22.0539
May 2025,VEL,5.9542,0.0,15.8357,47.6664,1.6095,46.7552,1.9961,2.1063,1.7214,5.6428,34.866,11.889200000000002
May 2025,VIR,7.4316,0.3098,16.3018,49.1093,0.5637,48.4852,2.3932,3.2646,1.254,4.3597,35.8784,12.6068
May 2025,VRA,3.2256,1.1505,13.7063,39.8779,1.3049,38.7198,1.6818,4.868,1.8503,4.5586,32.346000000000004,6.373799999999996
May 2025,WHT,5.4727,0.472,11.4927,33.8465,2.0166,33.4912,1.525,3.54,1.954,5.2776,31.7506,1.7406000000000006
May 2025,WST,0.0,0.734,3.9458,10.5095,0.2053,10.009,2.4461,1.3582,0.68,4.0079,13.377300000000002,-3.3683000000000014
